,video_bundle_name,video_path,start,end,action_class,uid,orig_start,orig_end,future_0_start,future_0_end
0,"rgb-01-1.txt",rgb-01-1.avi,-0.8594,19.14,0,2,20.14,73.3,20.14,40.12
1,"rgb-01-1.txt",rgb-01-1.avi,52.3,72.3,1,3,73.3,84.94,73.3,93.3
2,"rgb-01-1.txt",rgb-01-1.avi,63.94,83.94,0,4,84.94,108.25,84.94,104.94
3,"rgb-01-1.txt",rgb-01-1.avi,87.25,107.25,1,5,108.25,116.4,108.25,128.2
4,"rgb-01-1.txt",rgb-01-1.avi,95.4,115.4,2,6,116.4,177.6,116.4,136.4
5,"rgb-01-1.txt",rgb-01-1.avi,156.6,176.6,3,7,177.6,184.9,177.6,197.6
6,"rgb-01-1.txt",rgb-01-1.avi,163.9,183.9,4,8,184.9,217.5,184.9,204.9
7,"rgb-01-1.txt",rgb-01-1.avi,196.5,216.5,5,9,217.5,245.2,217.5,237.5
8,"rgb-01-1.txt",rgb-01-1.avi,224.2,244.2,6,10,245.2,254.9,245.2,265.2
9,"rgb-01-1.txt",rgb-01-1.avi,233.9,253.9,7,11,254.9,280.5,254.9,275.0
10,"rgb-01-1.txt",rgb-01-1.avi,259.5,279.5,8,12,280.5,297.2,280.5,300.5
11,"rgb-01-1.txt",rgb-01-1.avi,276.2,296.2,9,13,297.2,307.5,297.2,317.2
12,"rgb-01-1.txt",rgb-01-1.avi,286.5,306.5,10,14,307.5,344.8,307.5,327.5
13,"rgb-01-1.txt",rgb-01-1.avi,323.8,343.8,18,15,344.8,389.2,344.8,364.8
14,"rgb-01-2.txt",rgb-01-2.avi,4.297,24.3,6,17,25.3,41.0,25.3,45.3
15,"rgb-01-2.txt",rgb-01-2.avi,20.0,40.0,9,18,41.0,51.2,41.0,61.0
16,"rgb-01-2.txt",rgb-01-2.avi,30.19,50.2,7,19,51.2,66.06,51.2,71.2
17,"rgb-01-2.txt",rgb-01-2.avi,45.06,65.06,8,20,66.06,81.8,66.06,86.06
18,"rgb-01-2.txt",rgb-01-2.avi,60.8,80.8,10,21,81.8,92.3,81.8,101.8
19,"rgb-01-2.txt",rgb-01-2.avi,71.3,91.3,2,22,92.3,144.2,92.3,112.3
20,"rgb-01-2.txt",rgb-01-2.avi,123.25,143.2,0,23,144.2,179.2,144.2,164.2
21,"rgb-01-2.txt",rgb-01-2.avi,158.2,178.2,11,24,179.2,264.0,179.2,199.2
22,"rgb-01-2.txt",rgb-01-2.avi,243.0,263.0,12,25,264.0,298.5,264.0,284.0
23,"rgb-01-2.txt",rgb-01-2.avi,277.5,297.5,13,26,298.5,314.8,298.5,318.5
24,"rgb-01-2.txt",rgb-01-2.avi,293.8,313.8,1,27,314.8,318.0,314.8,334.8
25,"rgb-01-2.txt",rgb-01-2.avi,297.0,317.0,13,28,318.0,321.2,318.0,338.0
26,"rgb-01-2.txt",rgb-01-2.avi,300.2,320.2,4,29,321.2,344.5,321.2,341.2
27,"rgb-01-2.txt",rgb-01-2.avi,323.5,343.5,5,30,344.5,353.2,344.5,364.5
28,"rgb-01-2.txt",rgb-01-2.avi,332.2,352.2,14,31,353.2,369.2,353.2,373.2
29,"rgb-01-2.txt",rgb-01-2.avi,348.2,368.2,15,32,369.2,383.2,369.2,389.2
30,"rgb-01-2.txt",rgb-01-2.avi,362.2,382.2,16,33,383.2,403.0,383.2,403.2
31,"rgb-01-2.txt",rgb-01-2.avi,382.0,402.0,18,34,403.0,419.5,403.0,423.0
32,"rgb-02-1.txt",rgb-02-1.avi,24.97,44.97,2,36,45.97,96.4,45.97,66.0
33,"rgb-02-1.txt",rgb-02-1.avi,75.4,95.4,3,37,96.4,104.4,96.4,116.4
34,"rgb-02-1.txt",rgb-02-1.avi,83.4,103.4,0,38,104.4,137.6,104.4,124.4
35,"rgb-02-1.txt",rgb-02-1.avi,116.6,136.6,1,39,137.6,141.8,137.6,157.6
36,"rgb-02-1.txt",rgb-02-1.avi,120.75,140.8,0,40,141.8,143.0,141.8,161.8
37,"rgb-02-1.txt",rgb-02-1.avi,122.0,142.0,1,41,143.0,145.5,143.0,163.0
38,"rgb-02-1.txt",rgb-02-1.avi,124.5,144.5,15,42,145.5,147.8,145.5,165.5
39,"rgb-02-1.txt",rgb-02-1.avi,126.75,146.8,1,43,147.8,150.8,147.8,167.8
40,"rgb-02-1.txt",rgb-02-1.avi,129.8,149.8,4,44,150.8,172.9,150.8,170.8
41,"rgb-02-1.txt",rgb-02-1.avi,151.9,171.9,5,45,172.9,178.8,172.9,192.9
42,"rgb-02-1.txt",rgb-02-1.avi,157.8,177.8,4,46,178.8,190.1,178.8,198.8
43,"rgb-02-1.txt",rgb-02-1.avi,169.1,189.1,5,47,190.1,200.2,190.1,210.1
44,"rgb-02-1.txt",rgb-02-1.avi,179.2,199.2,11,48,200.2,254.4,200.2,220.2
45,"rgb-02-1.txt",rgb-02-1.avi,233.4,253.4,12,49,254.4,277.0,254.4,274.5
46,"rgb-02-1.txt",rgb-02-1.avi,256.0,276.0,13,50,277.0,279.8,277.0,297.0
47,"rgb-02-1.txt",rgb-02-1.avi,258.8,278.8,12,51,279.8,287.8,279.8,299.8
48,"rgb-02-1.txt",rgb-02-1.avi,266.8,286.8,13,52,287.8,298.0,287.8,307.8
49,"rgb-02-1.txt",rgb-02-1.avi,277.0,297.0,7,53,298.0,319.8,298.0,318.0
50,"rgb-02-1.txt",rgb-02-1.avi,298.8,318.8,8,54,319.8,330.0,319.8,339.8
51,"rgb-02-1.txt",rgb-02-1.avi,309.0,329.0,6,55,330.0,335.5,330.0,350.0
52,"rgb-02-1.txt",rgb-02-1.avi,314.5,334.5,9,56,335.5,345.8,335.5,355.5
53,"rgb-02-1.txt",rgb-02-1.avi,324.8,344.8,15,57,345.8,373.5,345.8,365.8
54,"rgb-02-1.txt",rgb-02-1.avi,352.5,372.5,16,58,373.5,393.0,373.5,393.5
55,"rgb-02-1.txt",rgb-02-1.avi,372.0,392.0,18,59,393.0,413.8,393.0,413.0
56,"rgb-02-2.txt",rgb-02-2.avi,31.44,51.44,0,61,52.44,81.1,52.44,72.44
57,"rgb-02-2.txt",rgb-02-2.avi,60.12,80.1,1,62,81.1,94.3,81.1,101.1
58,"rgb-02-2.txt",rgb-02-2.avi,73.3,93.3,11,63,94.3,132.9,94.3,114.3
59,"rgb-02-2.txt",rgb-02-2.avi,111.9,131.9,12,64,132.9,159.9,132.9,152.9
60,"rgb-02-2.txt",rgb-02-2.avi,138.9,158.9,13,65,159.9,170.0,159.9,179.9
61,"rgb-02-2.txt",rgb-02-2.avi,149.0,169.0,2,66,170.0,204.0,170.0,190.0
62,"rgb-02-2.txt",rgb-02-2.avi,183.0,203.0,3,67,204.0,217.9,204.0,224.0
63,"rgb-02-2.txt",rgb-02-2.avi,196.9,216.9,4,68,217.9,245.8,217.9,237.9
64,"rgb-02-2.txt",rgb-02-2.avi,224.8,244.8,5,69,245.8,255.8,245.8,265.8
65,"rgb-02-2.txt",rgb-02-2.avi,234.8,254.8,15,70,255.8,269.8,255.8,275.8
66,"rgb-02-2.txt",rgb-02-2.avi,248.8,268.8,7,71,269.8,276.8,269.8,289.8
67,"rgb-02-2.txt",rgb-02-2.avi,255.8,275.8,8,72,276.8,285.8,276.8,296.8
68,"rgb-02-2.txt",rgb-02-2.avi,264.8,284.8,6,73,285.8,291.8,285.8,305.8
69,"rgb-02-2.txt",rgb-02-2.avi,270.8,290.8,9,74,291.8,300.5,291.8,311.8
70,"rgb-02-2.txt",rgb-02-2.avi,279.5,299.5,10,75,300.5,315.2,300.5,320.5
71,"rgb-02-2.txt",rgb-02-2.avi,294.2,314.2,16,76,315.2,330.5,315.2,335.2
72,"rgb-02-2.txt",rgb-02-2.avi,309.5,329.5,18,77,330.5,350.8,330.5,350.5
73,"rgb-03-1.txt",rgb-03-1.avi,-8.97,11.03,11,79,12.03,115.2,12.03,32.03
74,"rgb-03-1.txt",rgb-03-1.avi,94.2,114.2,13,80,115.2,127.8,115.2,135.2
75,"rgb-03-1.txt",rgb-03-1.avi,106.8,126.8,4,81,127.8,165.4,127.8,147.8
76,"rgb-03-1.txt",rgb-03-1.avi,144.4,164.4,5,82,165.4,171.4,165.4,185.4
77,"rgb-03-1.txt",rgb-03-1.avi,150.4,170.4,2,83,171.4,190.8,171.4,191.4
78,"rgb-03-1.txt",rgb-03-1.avi,169.8,189.8,3,84,190.8,195.5,190.8,210.8
79,"rgb-03-1.txt",rgb-03-1.avi,174.5,194.5,0,85,195.5,226.4,195.5,215.5
80,"rgb-03-1.txt",rgb-03-1.avi,205.4,225.4,1,86,226.4,230.8,226.4,246.4
81,"rgb-03-1.txt",rgb-03-1.avi,209.8,229.8,15,87,230.8,253.6,230.8,250.8
82,"rgb-03-1.txt",rgb-03-1.avi,232.6,252.6,8,88,253.6,272.5,253.6,273.5
83,"rgb-03-1.txt",rgb-03-1.avi,251.5,271.5,7,89,272.5,288.8,272.5,292.5
84,"rgb-03-1.txt",rgb-03-1.avi,267.8,287.8,9,90,288.8,294.5,288.8,308.8
85,"rgb-03-1.txt",rgb-03-1.avi,273.5,293.5,6,91,294.5,302.5,294.5,314.5
86,"rgb-03-1.txt",rgb-03-1.avi,281.5,301.5,10,92,302.5,323.0,302.5,322.5
87,"rgb-03-1.txt",rgb-03-1.avi,302.0,322.0,16,93,323.0,346.2,323.0,343.0
88,"rgb-03-1.txt",rgb-03-1.avi,325.2,345.2,14,94,346.2,359.8,346.2,366.2
89,"rgb-03-1.txt",rgb-03-1.avi,338.8,358.8,18,95,359.8,379.0,359.8,379.8
90,"rgb-03-2.txt",rgb-03-2.avi,-5.836,14.164,8,97,15.164,34.16,15.164,35.16
91,"rgb-03-2.txt",rgb-03-2.avi,13.16,33.16,7,98,34.16,47.62,34.16,54.16
92,"rgb-03-2.txt",rgb-03-2.avi,26.62,46.62,9,99,47.62,53.66,47.62,67.6
93,"rgb-03-2.txt",rgb-03-2.avi,32.66,52.66,6,100,53.66,61.16,53.66,73.6
94,"rgb-03-2.txt",rgb-03-2.avi,40.16,60.16,10,101,61.16,79.6,61.16,81.1
95,"rgb-03-2.txt",rgb-03-2.avi,58.62,78.6,11,102,79.6,114.25,79.6,99.6
96,"rgb-03-2.txt",rgb-03-2.avi,93.25,113.25,13,103,114.25,118.1,114.25,134.2
97,"rgb-03-2.txt",rgb-03-2.avi,97.1,117.1,12,104,118.1,149.8,118.1,138.1
98,"rgb-03-2.txt",rgb-03-2.avi,128.8,148.8,13,105,149.8,156.6,149.8,169.8
99,"rgb-03-2.txt",rgb-03-2.avi,135.6,155.6,0,106,156.6,198.1,156.6,176.6
100,"rgb-03-2.txt",rgb-03-2.avi,177.1,197.1,1,107,198.1,205.6,198.1,218.1
101,"rgb-03-2.txt",rgb-03-2.avi,184.6,204.6,0,108,205.6,237.9,205.6,225.6
102,"rgb-03-2.txt",rgb-03-2.avi,216.9,236.9,1,109,237.9,249.0,237.9,258.0
103,"rgb-03-2.txt",rgb-03-2.avi,228.0,248.0,2,110,249.0,268.0,249.0,269.0
104,"rgb-03-2.txt",rgb-03-2.avi,247.0,267.0,3,111,268.0,278.8,268.0,288.0
105,"rgb-03-2.txt",rgb-03-2.avi,257.8,277.8,4,112,278.8,309.2,278.8,298.8
106,"rgb-03-2.txt",rgb-03-2.avi,288.2,308.2,5,113,309.2,315.5,309.2,329.2
107,"rgb-03-2.txt",rgb-03-2.avi,294.5,314.5,15,114,315.5,333.8,315.5,335.5
108,"rgb-03-2.txt",rgb-03-2.avi,312.8,332.8,16,115,333.8,353.8,333.8,353.8
109,"rgb-03-2.txt",rgb-03-2.avi,332.8,352.8,14,116,353.8,370.0,353.8,373.8
110,"rgb-03-2.txt",rgb-03-2.avi,349.0,369.0,18,117,370.0,386.2,370.0,390.0
111,"rgb-04-1.txt",rgb-04-1.avi,-0.8594,19.14,7,119,20.14,39.4,20.14,40.12
112,"rgb-04-1.txt",rgb-04-1.avi,18.4,38.4,8,120,39.4,58.9,39.4,59.4
113,"rgb-04-1.txt",rgb-04-1.avi,37.9,57.9,9,121,58.9,64.94,58.9,78.9
114,"rgb-04-1.txt",rgb-04-1.avi,43.94,63.94,6,122,64.94,69.1,64.94,84.94
115,"rgb-04-1.txt",rgb-04-1.avi,48.12,68.1,10,123,69.1,93.2,69.1,89.1
116,"rgb-04-1.txt",rgb-04-1.avi,72.2,92.2,11,124,93.2,142.8,93.2,113.2
117,"rgb-04-1.txt",rgb-04-1.avi,121.75,141.8,12,125,142.8,161.6,142.8,162.8
118,"rgb-04-1.txt",rgb-04-1.avi,140.6,160.6,11,126,161.6,178.9,161.6,181.6
119,"rgb-04-1.txt",rgb-04-1.avi,157.9,177.9,12,127,178.9,200.6,178.9,198.9
120,"rgb-04-1.txt",rgb-04-1.avi,179.6,199.6,13,128,200.6,208.9,200.6,220.6
121,"rgb-04-1.txt",rgb-04-1.avi,187.9,207.9,2,129,208.9,253.2,208.9,228.9
122,"rgb-04-1.txt",rgb-04-1.avi,232.2,252.2,3,130,253.2,263.8,253.2,273.2
123,"rgb-04-1.txt",rgb-04-1.avi,242.8,262.8,0,131,263.8,311.5,263.8,283.8
124,"rgb-04-1.txt",rgb-04-1.avi,290.5,310.5,1,132,311.5,321.2,311.5,331.5
125,"rgb-04-1.txt",rgb-04-1.avi,300.2,320.2,4,133,321.2,337.5,321.2,341.2
126,"rgb-04-1.txt",rgb-04-1.avi,316.5,336.5,5,134,337.5,342.8,337.5,357.5
127,"rgb-04-1.txt",rgb-04-1.avi,321.8,341.8,4,135,342.8,347.0,342.8,362.8
128,"rgb-04-1.txt",rgb-04-1.avi,326.0,346.0,5,136,347.0,351.2,347.0,367.0
129,"rgb-04-1.txt",rgb-04-1.avi,330.2,350.2,15,137,351.2,375.5,351.2,371.2
130,"rgb-04-1.txt",rgb-04-1.avi,354.5,374.5,16,138,375.5,412.5,375.5,395.5
131,"rgb-04-1.txt",rgb-04-1.avi,391.5,411.5,14,139,412.5,431.8,412.5,432.5
132,"rgb-04-1.txt",rgb-04-1.avi,410.8,430.8,18,140,431.8,439.0,431.8,451.8
133,"rgb-04-2.txt",rgb-04-2.avi,-5.734,14.266,11,142,15.266,56.97,15.266,35.25
134,"rgb-04-2.txt",rgb-04-2.avi,35.97,55.97,12,143,56.97,97.1,56.97,77.0
135,"rgb-04-2.txt",rgb-04-2.avi,76.1,96.1,13,144,97.1,115.06,97.1,117.1
136,"rgb-04-2.txt",rgb-04-2.avi,94.06,114.06,0,145,115.06,133.4,115.06,135.0
137,"rgb-04-2.txt",rgb-04-2.avi,112.4,132.4,1,146,133.4,143.8,133.4,153.4
138,"rgb-04-2.txt",rgb-04-2.avi,122.75,142.8,4,147,143.8,165.2,143.8,163.8
139,"rgb-04-2.txt",rgb-04-2.avi,144.2,164.2,5,148,165.2,186.8,165.2,185.2
140,"rgb-04-2.txt",rgb-04-2.avi,165.8,185.8,2,149,186.8,225.8,186.8,206.8
141,"rgb-04-2.txt",rgb-04-2.avi,204.8,224.8,3,150,225.8,239.4,225.8,245.8
142,"rgb-04-2.txt",rgb-04-2.avi,218.4,238.4,15,151,239.4,248.5,239.4,259.5
143,"rgb-04-2.txt",rgb-04-2.avi,227.5,247.5,0,152,248.5,258.8,248.5,268.5
144,"rgb-04-2.txt",rgb-04-2.avi,237.8,257.8,1,153,258.8,260.2,258.8,278.8
145,"rgb-04-2.txt",rgb-04-2.avi,239.2,259.2,15,154,260.2,276.0,260.2,280.2
146,"rgb-04-2.txt",rgb-04-2.avi,255.0,275.0,8,155,276.0,315.0,276.0,296.0
147,"rgb-04-2.txt",rgb-04-2.avi,294.0,314.0,7,156,315.0,326.2,315.0,335.0
148,"rgb-04-2.txt",rgb-04-2.avi,305.2,325.2,10,157,326.2,332.5,326.2,346.2
149,"rgb-04-2.txt",rgb-04-2.avi,311.5,331.5,9,158,332.5,333.5,332.5,352.5
150,"rgb-04-2.txt",rgb-04-2.avi,312.5,332.5,10,159,333.5,335.5,333.5,353.5
151,"rgb-04-2.txt",rgb-04-2.avi,314.5,334.5,9,160,335.5,339.0,335.5,355.5
152,"rgb-04-2.txt",rgb-04-2.avi,318.0,338.0,10,161,339.0,348.5,339.0,359.0
153,"rgb-04-2.txt",rgb-04-2.avi,327.5,347.5,16,162,348.5,382.5,348.5,368.5
154,"rgb-04-2.txt",rgb-04-2.avi,361.5,381.5,14,163,382.5,397.5,382.5,402.5
155,"rgb-04-2.txt",rgb-04-2.avi,376.5,396.5,18,164,397.5,412.2,397.5,417.5
156,"rgb-05-1.txt",rgb-05-1.avi,-3.797,16.2,7,166,17.2,33.0,17.2,37.2
157,"rgb-05-1.txt",rgb-05-1.avi,12.0,32.0,8,167,33.0,48.06,33.0,53.0
158,"rgb-05-1.txt",rgb-05-1.avi,27.06,47.06,9,168,48.06,59.53,48.06,68.06
159,"rgb-05-1.txt",rgb-05-1.avi,38.53,58.53,10,169,59.53,64.06,59.53,79.5
160,"rgb-05-1.txt",rgb-05-1.avi,43.06,63.06,6,170,64.06,70.56,64.06,84.06
161,"rgb-05-1.txt",rgb-05-1.avi,49.56,69.56,10,171,70.56,77.9,70.56,90.56
162,"rgb-05-1.txt",rgb-05-1.avi,56.88,76.9,4,172,77.9,113.7,77.9,97.9
163,"rgb-05-1.txt",rgb-05-1.avi,92.7,112.7,5,173,113.7,122.56,113.7,133.8
164,"rgb-05-1.txt",rgb-05-1.avi,101.56,121.56,0,174,122.56,144.8,122.56,142.5
165,"rgb-05-1.txt",rgb-05-1.avi,123.75,143.8,1,175,144.8,149.9,144.8,164.8
166,"rgb-05-1.txt",rgb-05-1.avi,128.9,148.9,11,176,149.9,181.1,149.9,169.9
167,"rgb-05-1.txt",rgb-05-1.avi,160.1,180.1,12,177,181.1,225.9,181.1,201.1
168,"rgb-05-1.txt",rgb-05-1.avi,204.9,224.9,13,178,225.9,244.0,225.9,245.9
169,"rgb-05-1.txt",rgb-05-1.avi,223.0,243.0,2,179,244.0,270.2,244.0,264.0
170,"rgb-05-1.txt",rgb-05-1.avi,249.2,269.2,3,180,270.2,272.5,270.2,290.2
171,"rgb-05-1.txt",rgb-05-1.avi,251.5,271.5,15,181,272.5,292.8,272.5,292.5
172,"rgb-05-1.txt",rgb-05-1.avi,271.8,291.8,14,182,292.8,299.5,292.8,312.8
173,"rgb-05-1.txt",rgb-05-1.avi,278.5,298.5,15,183,299.5,311.0,299.5,319.5
174,"rgb-05-1.txt",rgb-05-1.avi,290.0,310.0,16,184,311.0,344.5,311.0,331.0
175,"rgb-05-1.txt",rgb-05-1.avi,323.5,343.5,18,185,344.5,370.5,344.5,364.5
176,"rgb-05-2.txt",rgb-05-2.avi,0.9688,20.97,7,187,21.97,38.47,21.97,41.97
177,"rgb-05-2.txt",rgb-05-2.avi,17.47,37.47,8,188,38.47,58.03,38.47,58.47
178,"rgb-05-2.txt",rgb-05-2.avi,37.03,57.03,9,189,58.03,69.0,58.03,78.0
179,"rgb-05-2.txt",rgb-05-2.avi,48.0,68.0,6,190,69.0,79.4,69.0,89.0
180,"rgb-05-2.txt",rgb-05-2.avi,58.38,78.4,10,191,79.4,92.0,79.4,99.4
181,"rgb-05-2.txt",rgb-05-2.avi,71.0,91.0,0,192,92.0,125.94,92.0,112.0
182,"rgb-05-2.txt",rgb-05-2.avi,104.94,124.94,1,193,125.94,131.6,125.94,146.0
183,"rgb-05-2.txt",rgb-05-2.avi,110.6,130.6,0,194,131.6,171.4,131.6,151.6
184,"rgb-05-2.txt",rgb-05-2.avi,150.4,170.4,1,195,171.4,179.5,171.4,191.4
185,"rgb-05-2.txt",rgb-05-2.avi,158.5,178.5,4,196,179.5,201.4,179.5,199.5
186,"rgb-05-2.txt",rgb-05-2.avi,180.4,200.4,5,197,201.4,203.1,201.4,221.4
187,"rgb-05-2.txt",rgb-05-2.avi,182.1,202.1,1,198,203.1,212.6,203.1,223.1
188,"rgb-05-2.txt",rgb-05-2.avi,191.6,211.6,2,199,212.6,238.8,212.6,232.6
189,"rgb-05-2.txt",rgb-05-2.avi,217.8,237.8,3,200,238.8,243.8,238.8,258.8
190,"rgb-05-2.txt",rgb-05-2.avi,222.8,242.8,15,201,243.8,258.0,243.8,263.8
191,"rgb-05-2.txt",rgb-05-2.avi,237.0,257.0,11,202,258.0,304.8,258.0,278.0
192,"rgb-05-2.txt",rgb-05-2.avi,283.8,303.8,12,203,304.8,330.0,304.8,324.8
193,"rgb-05-2.txt",rgb-05-2.avi,309.0,329.0,13,204,330.0,336.8,330.0,350.0
194,"rgb-05-2.txt",rgb-05-2.avi,315.8,335.8,15,205,336.8,352.0,336.8,356.8
195,"rgb-05-2.txt",rgb-05-2.avi,331.0,351.0,14,206,352.0,359.0,352.0,372.0
196,"rgb-05-2.txt",rgb-05-2.avi,338.0,358.0,15,207,359.0,370.2,359.0,379.0
197,"rgb-05-2.txt",rgb-05-2.avi,349.2,369.2,16,208,370.2,387.8,370.2,390.2
198,"rgb-05-2.txt",rgb-05-2.avi,366.8,386.8,18,209,387.8,403.0,387.8,407.8
199,"rgb-13-1.txt",rgb-13-1.avi,-4.734,15.266,8,211,16.27,37.28,16.27,36.25
200,"rgb-13-1.txt",rgb-13-1.avi,16.28,36.28,7,212,37.28,52.22,37.28,57.28
201,"rgb-13-1.txt",rgb-13-1.avi,31.22,51.22,6,213,52.22,58.22,52.22,72.25
202,"rgb-13-1.txt",rgb-13-1.avi,37.22,57.22,9,214,58.22,66.7,58.22,78.25
203,"rgb-13-1.txt",rgb-13-1.avi,45.7,65.7,10,215,66.7,76.7,66.7,86.7
204,"rgb-13-1.txt",rgb-13-1.avi,55.7,75.7,4,216,76.7,123.9,76.7,96.7
205,"rgb-13-1.txt",rgb-13-1.avi,102.9,122.9,5,217,123.9,132.6,123.9,143.9
206,"rgb-13-1.txt",rgb-13-1.avi,111.6,131.6,0,218,132.6,134.4,132.6,152.6
207,"rgb-13-1.txt",rgb-13-1.avi,113.4,133.4,5,219,134.4,141.0,134.4,154.4
208,"rgb-13-1.txt",rgb-13-1.avi,120.0,140.0,0,220,141.0,176.2,141.0,161.0
209,"rgb-13-1.txt",rgb-13-1.avi,155.2,175.2,1,221,176.2,181.6,176.2,196.2
210,"rgb-13-1.txt",rgb-13-1.avi,160.6,180.6,11,222,181.6,236.5,181.6,201.6
211,"rgb-13-1.txt",rgb-13-1.avi,215.5,235.5,12,223,236.5,270.5,236.5,256.5
212,"rgb-13-1.txt",rgb-13-1.avi,249.5,269.5,11,224,270.5,287.2,270.5,290.5
213,"rgb-13-1.txt",rgb-13-1.avi,266.2,286.2,12,225,287.2,309.0,287.2,307.2
214,"rgb-13-1.txt",rgb-13-1.avi,288.0,308.0,13,226,309.0,322.5,309.0,329.0
215,"rgb-13-1.txt",rgb-13-1.avi,301.5,321.5,2,227,322.5,365.0,322.5,342.5
216,"rgb-13-1.txt",rgb-13-1.avi,344.0,364.0,3,228,365.0,373.8,365.0,385.0
217,"rgb-13-1.txt",rgb-13-1.avi,352.8,372.8,15,229,373.8,388.0,373.8,393.8
218,"rgb-13-1.txt",rgb-13-1.avi,367.0,387.0,14,230,388.0,421.0,388.0,408.0
219,"rgb-13-1.txt",rgb-13-1.avi,400.0,420.0,16,231,421.0,441.2,421.0,441.0
220,"rgb-13-1.txt",rgb-13-1.avi,420.2,440.2,18,232,441.2,462.8,441.2,461.2
221,"rgb-13-2.txt",rgb-13-2.avi,-7.57,12.43,8,234,13.43,38.66,13.43,33.44
222,"rgb-13-2.txt",rgb-13-2.avi,17.66,37.66,7,235,38.66,61.44,38.66,58.66
223,"rgb-13-2.txt",rgb-13-2.avi,40.44,60.44,6,236,61.44,68.94,61.44,81.44
224,"rgb-13-2.txt",rgb-13-2.avi,47.94,67.94,9,237,68.94,76.44,68.94,88.94
225,"rgb-13-2.txt",rgb-13-2.avi,55.44,75.44,10,238,76.44,85.56,76.44,96.44
226,"rgb-13-2.txt",rgb-13-2.avi,64.56,84.56,0,239,85.56,155.0,85.56,105.56
227,"rgb-13-2.txt",rgb-13-2.avi,134.0,154.0,1,240,155.0,164.6,155.0,175.0
228,"rgb-13-2.txt",rgb-13-2.avi,143.6,163.6,2,241,164.6,202.0,164.6,184.6
229,"rgb-13-2.txt",rgb-13-2.avi,181.0,201.0,3,242,202.0,212.6,202.0,222.0
230,"rgb-13-2.txt",rgb-13-2.avi,191.6,211.6,4,243,212.6,263.2,212.6,232.6
231,"rgb-13-2.txt",rgb-13-2.avi,242.2,262.2,5,244,263.2,270.5,263.2,283.2
232,"rgb-13-2.txt",rgb-13-2.avi,249.5,269.5,11,245,270.5,309.8,270.5,290.5
233,"rgb-13-2.txt",rgb-13-2.avi,288.8,308.8,12,246,309.8,356.5,309.8,329.8
234,"rgb-13-2.txt",rgb-13-2.avi,335.5,355.5,13,247,356.5,366.2,356.5,376.5
235,"rgb-13-2.txt",rgb-13-2.avi,345.2,365.2,15,248,366.2,379.0,366.2,386.2
236,"rgb-13-2.txt",rgb-13-2.avi,358.0,378.0,16,249,379.0,402.2,379.0,399.0
237,"rgb-13-2.txt",rgb-13-2.avi,381.2,401.2,14,250,402.2,417.0,402.2,422.2
238,"rgb-13-2.txt",rgb-13-2.avi,396.0,416.0,18,251,417.0,436.5,417.0,437.0
239,"rgb-14-1.txt",rgb-14-1.avi,-5.367,14.63,9,253,15.63,38.66,15.63,35.62
240,"rgb-14-1.txt",rgb-14-1.avi,17.66,37.66,6,254,38.66,44.4,38.66,58.66
241,"rgb-14-1.txt",rgb-14-1.avi,23.4,43.4,7,255,44.4,54.1,44.4,64.4
242,"rgb-14-1.txt",rgb-14-1.avi,33.1,53.1,8,256,54.1,65.25,54.1,74.1
243,"rgb-14-1.txt",rgb-14-1.avi,44.25,64.25,10,257,65.25,78.44,65.25,85.25
244,"rgb-14-1.txt",rgb-14-1.avi,57.44,77.44,2,258,78.44,98.44,78.44,98.44
245,"rgb-14-1.txt",rgb-14-1.avi,77.44,97.44,3,259,98.44,103.5,98.44,118.44
246,"rgb-14-1.txt",rgb-14-1.avi,82.5,102.5,4,260,103.5,133.1,103.5,123.5
247,"rgb-14-1.txt",rgb-14-1.avi,112.1,132.1,5,261,133.1,141.2,133.1,153.1
248,"rgb-14-1.txt",rgb-14-1.avi,120.25,140.2,11,262,141.2,160.6,141.2,161.2
249,"rgb-14-1.txt",rgb-14-1.avi,139.6,159.6,12,263,160.6,186.5,160.6,180.6
250,"rgb-14-1.txt",rgb-14-1.avi,165.5,185.5,13,264,186.5,193.2,186.5,206.5
251,"rgb-14-1.txt",rgb-14-1.avi,172.2,192.2,0,265,193.2,220.8,193.2,213.2
252,"rgb-14-1.txt",rgb-14-1.avi,199.8,219.8,1,266,220.8,225.8,220.8,240.8
253,"rgb-14-1.txt",rgb-14-1.avi,204.8,224.8,15,267,225.8,239.8,225.8,245.8
254,"rgb-14-1.txt",rgb-14-1.avi,218.8,238.8,14,268,239.8,258.8,239.8,259.8
255,"rgb-14-1.txt",rgb-14-1.avi,237.8,257.8,16,269,258.8,273.5,258.8,278.8
256,"rgb-14-1.txt",rgb-14-1.avi,252.5,272.5,18,270,273.5,286.8,273.5,293.5
257,"rgb-14-2.txt",rgb-14-2.avi,-2.64,17.36,4,272,18.36,44.16,18.36,38.38
258,"rgb-14-2.txt",rgb-14-2.avi,23.16,43.16,5,273,44.16,49.9,44.16,64.1
259,"rgb-14-2.txt",rgb-14-2.avi,28.9,48.9,2,274,49.9,65.94,49.9,69.9
260,"rgb-14-2.txt",rgb-14-2.avi,44.94,64.94,3,275,65.94,70.56,65.94,85.94
261,"rgb-14-2.txt",rgb-14-2.avi,49.56,69.56,11,276,70.56,91.25,70.56,90.56
262,"rgb-14-2.txt",rgb-14-2.avi,70.25,90.25,12,277,91.25,113.7,91.25,111.25
263,"rgb-14-2.txt",rgb-14-2.avi,92.7,112.7,13,278,113.7,122.3,113.7,133.8
264,"rgb-14-2.txt",rgb-14-2.avi,101.3,121.3,0,279,122.3,160.5,122.3,142.2
265,"rgb-14-2.txt",rgb-14-2.avi,139.5,159.5,1,280,160.5,168.2,160.5,180.5
266,"rgb-14-2.txt",rgb-14-2.avi,147.2,167.2,15,281,168.2,176.2,168.2,188.2
267,"rgb-14-2.txt",rgb-14-2.avi,155.2,175.2,6,282,176.2,185.2,176.2,196.2
268,"rgb-14-2.txt",rgb-14-2.avi,164.2,184.2,9,283,185.2,196.5,185.2,205.2
269,"rgb-14-2.txt",rgb-14-2.avi,175.5,195.5,7,284,196.5,208.1,196.5,216.5
270,"rgb-14-2.txt",rgb-14-2.avi,187.1,207.1,8,285,208.1,218.0,208.1,228.1
271,"rgb-14-2.txt",rgb-14-2.avi,197.0,217.0,10,286,218.0,227.2,218.0,238.0
272,"rgb-14-2.txt",rgb-14-2.avi,206.2,226.2,16,287,227.2,241.9,227.2,247.2
273,"rgb-14-2.txt",rgb-14-2.avi,220.9,240.9,14,288,241.9,260.5,241.9,262.0
274,"rgb-14-2.txt",rgb-14-2.avi,239.5,259.5,18,289,260.5,274.2,260.5,280.5
275,"rgb-15-1.txt",rgb-15-1.avi,12.97,32.97,11,291,33.97,72.44,33.97,53.97
276,"rgb-15-1.txt",rgb-15-1.avi,51.44,71.44,12,292,72.44,97.9,72.44,92.44
277,"rgb-15-1.txt",rgb-15-1.avi,76.9,96.9,13,293,97.9,108.5,97.9,117.9
278,"rgb-15-1.txt",rgb-15-1.avi,87.5,107.5,12,294,108.5,121.1,108.5,128.5
279,"rgb-15-1.txt",rgb-15-1.avi,100.1,120.1,13,295,121.1,131.0,121.1,141.1
280,"rgb-15-1.txt",rgb-15-1.avi,110.0,130.0,0,296,131.0,151.9,131.0,151.0
281,"rgb-15-1.txt",rgb-15-1.avi,130.9,150.9,1,297,151.9,157.5,151.9,171.9
282,"rgb-15-1.txt",rgb-15-1.avi,136.5,156.5,0,298,157.5,167.2,157.5,177.5
283,"rgb-15-1.txt",rgb-15-1.avi,146.2,166.2,1,299,167.2,173.8,167.2,187.2
284,"rgb-15-1.txt",rgb-15-1.avi,152.8,172.8,2,300,173.8,206.2,173.8,193.8
285,"rgb-15-1.txt",rgb-15-1.avi,185.2,205.2,3,301,206.2,215.9,206.2,226.2
286,"rgb-15-1.txt",rgb-15-1.avi,194.9,214.9,4,302,215.9,240.0,215.9,235.9
287,"rgb-15-1.txt",rgb-15-1.avi,219.0,239.0,5,303,240.0,257.8,240.0,260.0
288,"rgb-15-1.txt",rgb-15-1.avi,236.8,256.8,8,304,257.8,280.8,257.8,277.8
289,"rgb-15-1.txt",rgb-15-1.avi,259.8,279.8,9,305,280.8,290.8,280.8,300.8
290,"rgb-15-1.txt",rgb-15-1.avi,269.8,289.8,6,306,290.8,299.2,290.8,310.8
291,"rgb-15-1.txt",rgb-15-1.avi,278.2,298.2,7,307,299.2,309.5,299.2,319.2
292,"rgb-15-1.txt",rgb-15-1.avi,288.5,308.5,10,308,309.5,327.8,309.5,329.5
293,"rgb-15-1.txt",rgb-15-1.avi,306.8,326.8,15,309,327.8,328.2,327.8,347.8
294,"rgb-15-1.txt",rgb-15-1.avi,307.2,327.2,16,310,328.2,356.5,328.2,348.2
295,"rgb-15-1.txt",rgb-15-1.avi,335.5,355.5,14,311,356.5,371.5,356.5,376.5
296,"rgb-15-1.txt",rgb-15-1.avi,350.5,370.5,18,312,371.5,383.0,371.5,391.5
297,"rgb-15-2.txt",rgb-15-2.avi,-5.266,14.734,12,314,15.734,52.2,15.734,35.75
298,"rgb-15-2.txt",rgb-15-2.avi,31.19,51.2,13,315,52.2,60.03,52.2,72.2
299,"rgb-15-2.txt",rgb-15-2.avi,39.03,59.03,12,316,60.03,95.5,60.03,80.0
300,"rgb-15-2.txt",rgb-15-2.avi,74.5,94.5,13,317,95.5,102.06,95.5,115.5
301,"rgb-15-2.txt",rgb-15-2.avi,81.06,101.06,4,318,102.06,150.8,102.06,122.06
302,"rgb-15-2.txt",rgb-15-2.avi,129.8,149.8,5,319,150.8,161.1,150.8,170.8
303,"rgb-15-2.txt",rgb-15-2.avi,140.1,160.1,2,320,161.1,192.6,161.1,181.1
304,"rgb-15-2.txt",rgb-15-2.avi,171.6,191.6,3,321,192.6,213.9,192.6,212.6
305,"rgb-15-2.txt",rgb-15-2.avi,192.9,212.9,0,322,213.9,253.6,213.9,233.9
306,"rgb-15-2.txt",rgb-15-2.avi,232.6,252.6,1,323,253.6,258.8,253.6,273.5
307,"rgb-15-2.txt",rgb-15-2.avi,237.8,257.8,0,324,258.8,292.8,258.8,278.8
308,"rgb-15-2.txt",rgb-15-2.avi,271.8,291.8,1,325,292.8,310.0,292.8,312.8
309,"rgb-15-2.txt",rgb-15-2.avi,289.0,309.0,15,326,310.0,321.2,310.0,330.0
310,"rgb-15-2.txt",rgb-15-2.avi,300.2,320.2,6,327,321.2,333.5,321.2,341.2
311,"rgb-15-2.txt",rgb-15-2.avi,312.5,332.5,8,328,333.5,348.5,333.5,353.5
312,"rgb-15-2.txt",rgb-15-2.avi,327.5,347.5,9,329,348.5,357.5,348.5,368.5
313,"rgb-15-2.txt",rgb-15-2.avi,336.5,356.5,7,330,357.5,373.0,357.5,377.5
314,"rgb-15-2.txt",rgb-15-2.avi,352.0,372.0,10,331,373.0,397.2,373.0,393.0
315,"rgb-15-2.txt",rgb-15-2.avi,376.2,396.2,14,332,397.2,403.0,397.2,417.2
316,"rgb-15-2.txt",rgb-15-2.avi,382.0,402.0,16,333,403.0,430.5,403.0,423.0
317,"rgb-15-2.txt",rgb-15-2.avi,409.5,429.5,18,334,430.5,465.2,430.5,450.5
318,"rgb-16-1.txt",rgb-16-1.avi,3.0,23.0,9,336,24.0,34.72,24.0,44.0
319,"rgb-16-1.txt",rgb-16-1.avi,13.72,33.72,6,337,34.72,44.03,34.72,54.72
320,"rgb-16-1.txt",rgb-16-1.avi,23.03,43.03,8,338,44.03,64.3,44.03,64.0
321,"rgb-16-1.txt",rgb-16-1.avi,43.3,63.3,7,339,64.3,81.3,64.3,84.3
322,"rgb-16-1.txt",rgb-16-1.avi,60.3,80.3,10,340,81.3,92.25,81.3,101.3
323,"rgb-16-1.txt",rgb-16-1.avi,71.25,91.25,2,341,92.25,123.44,92.25,112.25
324,"rgb-16-1.txt",rgb-16-1.avi,102.44,122.44,4,342,123.44,167.2,123.44,143.5
325,"rgb-16-1.txt",rgb-16-1.avi,146.2,166.2,11,343,167.2,231.1,167.2,187.2
326,"rgb-16-1.txt",rgb-16-1.avi,210.1,230.1,12,344,231.1,285.2,231.1,251.1
327,"rgb-16-1.txt",rgb-16-1.avi,264.2,284.2,0,345,285.2,336.2,285.2,305.2
328,"rgb-16-1.txt",rgb-16-1.avi,315.2,335.2,13,346,336.2,342.5,336.2,356.2
329,"rgb-16-1.txt",rgb-16-1.avi,321.5,341.5,3,347,342.5,345.0,342.5,362.5
330,"rgb-16-1.txt",rgb-16-1.avi,324.0,344.0,1,348,345.0,351.2,345.0,365.0
331,"rgb-16-1.txt",rgb-16-1.avi,330.2,350.2,14,349,351.2,362.2,351.2,371.2
332,"rgb-16-1.txt",rgb-16-1.avi,341.2,361.2,15,350,362.2,378.2,362.2,382.2
333,"rgb-16-1.txt",rgb-16-1.avi,357.2,377.2,16,351,378.2,394.5,378.2,398.2
334,"rgb-16-1.txt",rgb-16-1.avi,373.5,393.5,18,352,394.5,428.8,394.5,414.5
335,"rgb-16-2.txt",rgb-16-2.avi,-8.664,11.336,6,354,12.336,22.1,12.336,32.34
336,"rgb-16-2.txt",rgb-16-2.avi,1.094,21.1,9,355,22.1,30.1,22.1,42.1
337,"rgb-16-2.txt",rgb-16-2.avi,9.09,29.1,8,356,30.1,40.3,30.1,50.1
338,"rgb-16-2.txt",rgb-16-2.avi,19.31,39.3,7,357,40.3,51.56,40.3,60.3
339,"rgb-16-2.txt",rgb-16-2.avi,30.56,50.56,10,358,51.56,59.8,51.56,71.56
340,"rgb-16-2.txt",rgb-16-2.avi,38.8,58.8,2,359,59.8,87.25,59.8,79.8
341,"rgb-16-2.txt",rgb-16-2.avi,66.25,86.25,11,360,87.25,137.8,87.25,107.25
342,"rgb-16-2.txt",rgb-16-2.avi,116.75,136.8,12,361,137.8,180.9,137.8,157.8
343,"rgb-16-2.txt",rgb-16-2.avi,159.9,179.9,0,362,180.9,224.6,180.9,200.9
344,"rgb-16-2.txt",rgb-16-2.avi,203.6,223.6,4,363,224.6,267.0,224.6,244.6
345,"rgb-16-2.txt",rgb-16-2.avi,246.0,266.0,1,364,267.0,284.8,267.0,287.0
346,"rgb-16-2.txt",rgb-16-2.avi,263.8,283.8,15,365,284.8,294.8,284.8,304.8
347,"rgb-16-2.txt",rgb-16-2.avi,273.8,293.8,14,366,294.8,315.2,294.8,314.8
348,"rgb-16-2.txt",rgb-16-2.avi,294.2,314.2,16,367,315.2,326.8,315.2,335.2
349,"rgb-16-2.txt",rgb-16-2.avi,305.8,325.8,18,368,326.8,347.2,326.8,346.8
350,"rgb-17-1.txt",rgb-17-1.avi,6.14,26.14,8,370,27.14,49.0,27.14,47.12
351,"rgb-17-1.txt",rgb-17-1.avi,28.0,48.0,9,371,49.0,58.0,49.0,69.0
352,"rgb-17-1.txt",rgb-17-1.avi,37.0,57.0,6,372,58.0,68.44,58.0,78.0
353,"rgb-17-1.txt",rgb-17-1.avi,47.44,67.44,7,373,68.44,88.6,68.44,88.44
354,"rgb-17-1.txt",rgb-17-1.avi,67.6,87.6,10,374,88.6,113.2,88.6,108.6
355,"rgb-17-1.txt",rgb-17-1.avi,92.2,112.2,4,375,113.2,132.8,113.2,133.2
356,"rgb-17-1.txt",rgb-17-1.avi,111.75,131.8,5,376,132.8,140.0,132.8,152.8
357,"rgb-17-1.txt",rgb-17-1.avi,119.0,139.0,4,377,140.0,146.2,140.0,160.0
358,"rgb-17-1.txt",rgb-17-1.avi,125.25,145.2,2,378,146.2,170.2,146.2,166.2
359,"rgb-17-1.txt",rgb-17-1.avi,149.2,169.2,3,379,170.2,176.0,170.2,190.2
360,"rgb-17-1.txt",rgb-17-1.avi,155.0,175.0,11,380,176.0,217.1,176.0,196.0
361,"rgb-17-1.txt",rgb-17-1.avi,196.1,216.1,12,381,217.1,252.4,217.1,237.1
362,"rgb-17-1.txt",rgb-17-1.avi,231.4,251.4,13,382,252.4,259.2,252.4,272.5
363,"rgb-17-1.txt",rgb-17-1.avi,238.2,258.2,0,383,259.2,289.8,259.2,279.2
364,"rgb-17-1.txt",rgb-17-1.avi,268.8,288.8,1,384,289.8,292.0,289.8,309.8
365,"rgb-17-1.txt",rgb-17-1.avi,271.0,291.0,0,385,292.0,296.8,292.0,312.0
366,"rgb-17-1.txt",rgb-17-1.avi,275.8,295.8,1,386,296.8,298.5,296.8,316.8
367,"rgb-17-1.txt",rgb-17-1.avi,277.5,297.5,15,387,298.5,306.5,298.5,318.5
368,"rgb-17-1.txt",rgb-17-1.avi,285.5,305.5,14,388,306.5,319.8,306.5,326.5
369,"rgb-17-1.txt",rgb-17-1.avi,298.8,318.8,15,389,319.8,333.5,319.8,339.8
370,"rgb-17-1.txt",rgb-17-1.avi,312.5,332.5,16,390,333.5,354.8,333.5,353.5
371,"rgb-17-1.txt",rgb-17-1.avi,333.8,353.8,18,391,354.8,371.5,354.8,374.8
372,"rgb-17-2.txt",rgb-17-2.avi,-4.234,15.766,11,393,16.77,60.44,16.77,36.75
373,"rgb-17-2.txt",rgb-17-2.avi,39.44,59.44,12,394,60.44,112.8,60.44,80.44
374,"rgb-17-2.txt",rgb-17-2.avi,91.8,111.8,13,395,112.8,125.8,112.8,132.8
375,"rgb-17-2.txt",rgb-17-2.avi,104.8,124.8,0,396,125.8,150.1,125.8,145.8
376,"rgb-17-2.txt",rgb-17-2.avi,129.1,149.1,1,397,150.1,159.6,150.1,170.1
377,"rgb-17-2.txt",rgb-17-2.avi,138.6,158.6,2,398,159.6,192.8,159.6,179.6
378,"rgb-17-2.txt",rgb-17-2.avi,171.8,191.8,3,399,192.8,203.8,192.8,212.8
379,"rgb-17-2.txt",rgb-17-2.avi,182.8,202.8,4,400,203.8,228.1,203.8,223.8
380,"rgb-17-2.txt",rgb-17-2.avi,207.1,227.1,5,401,228.1,239.1,228.1,248.1
381,"rgb-17-2.txt",rgb-17-2.avi,218.1,238.1,15,402,239.1,254.0,239.1,259.0
382,"rgb-17-2.txt",rgb-17-2.avi,233.0,253.0,8,403,254.0,271.2,254.0,274.0
383,"rgb-17-2.txt",rgb-17-2.avi,250.2,270.2,9,404,271.2,278.0,271.2,291.2
384,"rgb-17-2.txt",rgb-17-2.avi,257.0,277.0,6,405,278.0,287.0,278.0,298.0
385,"rgb-17-2.txt",rgb-17-2.avi,266.0,286.0,7,406,287.0,303.2,287.0,307.0
386,"rgb-17-2.txt",rgb-17-2.avi,282.2,302.2,10,407,303.2,311.5,303.2,323.2
387,"rgb-17-2.txt",rgb-17-2.avi,290.5,310.5,16,408,311.5,347.2,311.5,331.5
388,"rgb-17-2.txt",rgb-17-2.avi,326.2,346.2,14,409,347.2,409.0,347.2,367.2
389,"rgb-17-2.txt",rgb-17-2.avi,388.0,408.0,18,410,409.0,431.5,409.0,429.0
390,"rgb-18-1.txt",rgb-18-1.avi,0.1406,20.14,6,412,21.14,30.8,21.14,41.12
391,"rgb-18-1.txt",rgb-18-1.avi,9.8,29.8,9,413,30.8,37.97,30.8,50.8
392,"rgb-18-1.txt",rgb-18-1.avi,16.97,36.97,7,414,37.97,50.28,37.97,57.97
393,"rgb-18-1.txt",rgb-18-1.avi,29.28,49.28,8,415,50.28,62.47,50.28,70.25
394,"rgb-18-1.txt",rgb-18-1.avi,41.47,61.47,2,416,62.47,93.6,62.47,82.5
395,"rgb-18-1.txt",rgb-18-1.avi,72.6,92.6,0,417,93.6,123.3,93.6,113.6
396,"rgb-18-1.txt",rgb-18-1.avi,102.3,122.3,11,418,123.3,158.2,123.3,143.2
397,"rgb-18-1.txt",rgb-18-1.avi,137.2,157.2,12,419,158.2,181.0,158.2,178.2
398,"rgb-18-1.txt",rgb-18-1.avi,160.0,180.0,1,420,181.0,200.8,181.0,201.0
399,"rgb-18-1.txt",rgb-18-1.avi,179.8,199.8,15,421,200.8,207.4,200.8,220.8
400,"rgb-18-1.txt",rgb-18-1.avi,186.4,206.4,14,422,207.4,225.6,207.4,227.4
401,"rgb-18-1.txt",rgb-18-1.avi,204.6,224.6,15,423,225.6,239.4,225.6,245.6
402,"rgb-18-1.txt",rgb-18-1.avi,218.4,238.4,4,424,239.4,254.2,239.4,259.5
403,"rgb-18-1.txt",rgb-18-1.avi,233.2,253.2,5,425,254.2,257.5,254.2,274.2
404,"rgb-18-1.txt",rgb-18-1.avi,236.5,256.5,15,426,257.5,269.2,257.5,277.5
405,"rgb-18-1.txt",rgb-18-1.avi,248.2,268.2,16,427,269.2,285.2,269.2,289.2
406,"rgb-18-1.txt",rgb-18-1.avi,264.2,284.2,18,428,285.2,402.5,285.2,305.2
407,"rgb-18-2.txt",rgb-18-2.avi,-4.14,15.86,6,430,16.86,25.7,16.86,36.88
408,"rgb-18-2.txt",rgb-18-2.avi,4.703,24.7,9,431,25.7,32.28,25.7,45.7
409,"rgb-18-2.txt",rgb-18-2.avi,11.28,31.28,8,432,32.28,41.66,32.28,52.28
410,"rgb-18-2.txt",rgb-18-2.avi,20.66,40.66,7,433,41.66,62.5,41.66,61.66
411,"rgb-18-2.txt",rgb-18-2.avi,41.5,61.5,4,434,62.5,81.1,62.5,82.5
412,"rgb-18-2.txt",rgb-18-2.avi,60.12,80.1,11,435,81.1,105.5,81.1,101.1
413,"rgb-18-2.txt",rgb-18-2.avi,84.5,104.5,12,436,105.5,119.25,105.5,125.5
414,"rgb-18-2.txt",rgb-18-2.avi,98.25,118.25,0,437,119.25,139.5,119.25,139.2
415,"rgb-18-2.txt",rgb-18-2.avi,118.5,138.5,2,438,139.5,157.9,139.5,159.5
416,"rgb-18-2.txt",rgb-18-2.avi,136.9,156.9,1,439,157.9,199.6,157.9,177.9
417,"rgb-18-2.txt",rgb-18-2.avi,178.6,198.6,15,440,199.6,208.9,199.6,219.6
418,"rgb-18-2.txt",rgb-18-2.avi,187.9,207.9,16,441,208.9,223.2,208.9,228.9
419,"rgb-18-2.txt",rgb-18-2.avi,202.2,222.2,14,442,223.2,239.8,223.2,243.2
420,"rgb-18-2.txt",rgb-18-2.avi,218.8,238.8,18,443,239.8,251.9,239.8,259.8
421,"rgb-19-1.txt",rgb-19-1.avi,4.094,24.1,0,445,25.1,60.84,25.1,45.1
422,"rgb-19-1.txt",rgb-19-1.avi,39.84,59.84,1,446,60.84,68.3,60.84,80.9
423,"rgb-19-1.txt",rgb-19-1.avi,47.3,67.3,2,447,68.3,115.3,68.3,88.3
424,"rgb-19-1.txt",rgb-19-1.avi,94.3,114.3,3,448,115.3,125.94,115.3,135.2
425,"rgb-19-1.txt",rgb-19-1.avi,104.94,124.94,11,449,125.94,178.0,125.94,146.0
426,"rgb-19-1.txt",rgb-19-1.avi,157.0,177.0,12,450,178.0,210.5,178.0,198.0
427,"rgb-19-1.txt",rgb-19-1.avi,189.5,209.5,13,451,210.5,221.4,210.5,230.5
428,"rgb-19-1.txt",rgb-19-1.avi,200.4,220.4,4,452,221.4,269.0,221.4,241.4
429,"rgb-19-1.txt",rgb-19-1.avi,248.0,268.0,5,453,269.0,277.8,269.0,289.0
430,"rgb-19-1.txt",rgb-19-1.avi,256.8,276.8,4,454,277.8,296.5,277.8,297.8
431,"rgb-19-1.txt",rgb-19-1.avi,275.5,295.5,5,455,296.5,302.2,296.5,316.5
432,"rgb-19-1.txt",rgb-19-1.avi,281.2,301.2,15,456,302.2,318.8,302.2,322.2
433,"rgb-19-1.txt",rgb-19-1.avi,297.8,317.8,6,457,318.8,325.8,318.8,338.8
434,"rgb-19-1.txt",rgb-19-1.avi,304.8,324.8,8,458,325.8,337.2,325.8,345.8
435,"rgb-19-1.txt",rgb-19-1.avi,316.2,336.2,9,459,337.2,344.2,337.2,357.2
436,"rgb-19-1.txt",rgb-19-1.avi,323.2,343.2,7,460,344.2,351.5,344.2,364.2
437,"rgb-19-1.txt",rgb-19-1.avi,330.5,350.5,10,461,351.5,366.8,351.5,371.5
438,"rgb-19-1.txt",rgb-19-1.avi,345.8,365.8,16,462,366.8,414.2,366.8,386.8
439,"rgb-19-1.txt",rgb-19-1.avi,393.2,413.2,18,463,414.2,427.2,414.2,434.2
440,"rgb-19-2.txt",rgb-19-2.avi,-7.57,12.43,8,465,13.43,25.14,13.43,33.44
441,"rgb-19-2.txt",rgb-19-2.avi,4.14,24.14,7,466,25.14,36.44,25.14,45.12
442,"rgb-19-2.txt",rgb-19-2.avi,15.44,35.44,6,467,36.44,42.8,36.44,56.44
443,"rgb-19-2.txt",rgb-19-2.avi,21.81,41.8,9,468,42.8,49.84,42.8,62.8
444,"rgb-19-2.txt",rgb-19-2.avi,28.84,48.84,10,469,49.84,58.1,49.84,69.9
445,"rgb-19-2.txt",rgb-19-2.avi,37.1,57.1,8,470,58.1,66.6,58.1,78.1
446,"rgb-19-2.txt",rgb-19-2.avi,45.62,65.6,10,471,66.6,72.1,66.6,86.6
447,"rgb-19-2.txt",rgb-19-2.avi,51.12,71.1,4,472,72.1,98.56,72.1,92.1
448,"rgb-19-2.txt",rgb-19-2.avi,77.56,97.56,5,473,98.56,107.3,98.56,118.56
449,"rgb-19-2.txt",rgb-19-2.avi,86.3,106.3,4,474,107.3,113.2,107.3,127.3
450,"rgb-19-2.txt",rgb-19-2.avi,92.2,112.2,5,475,113.2,115.9,113.2,133.2
451,"rgb-19-2.txt",rgb-19-2.avi,94.9,114.9,0,476,115.9,162.9,115.9,135.9
452,"rgb-19-2.txt",rgb-19-2.avi,141.9,161.9,1,477,162.9,170.1,162.9,182.9
453,"rgb-19-2.txt",rgb-19-2.avi,149.1,169.1,2,478,170.1,202.0,170.1,190.1
454,"rgb-19-2.txt",rgb-19-2.avi,181.0,201.0,3,479,202.0,208.4,202.0,222.0
455,"rgb-19-2.txt",rgb-19-2.avi,187.4,207.4,11,480,208.4,244.4,208.4,228.4
456,"rgb-19-2.txt",rgb-19-2.avi,223.4,243.4,12,481,244.4,283.5,244.4,264.5
457,"rgb-19-2.txt",rgb-19-2.avi,262.5,282.5,13,482,283.5,292.0,283.5,303.5
458,"rgb-19-2.txt",rgb-19-2.avi,271.0,291.0,12,483,292.0,294.8,292.0,312.0
459,"rgb-19-2.txt",rgb-19-2.avi,273.8,293.8,13,484,294.8,300.8,294.8,314.8
460,"rgb-19-2.txt",rgb-19-2.avi,279.8,299.8,15,485,300.8,308.0,300.8,320.8
461,"rgb-19-2.txt",rgb-19-2.avi,287.0,307.0,14,486,308.0,325.2,308.0,328.0
462,"rgb-19-2.txt",rgb-19-2.avi,304.2,324.2,16,487,325.2,357.8,325.2,345.2
463,"rgb-19-2.txt",rgb-19-2.avi,336.8,356.8,18,488,357.8,388.5,357.8,377.8
464,"rgb-20-1.txt",rgb-20-1.avi,3.531,23.53,9,490,24.53,33.0,24.53,44.53
465,"rgb-20-1.txt",rgb-20-1.avi,12.0,32.0,6,491,33.0,38.4,33.0,53.0
466,"rgb-20-1.txt",rgb-20-1.avi,17.4,37.4,7,492,38.4,46.66,38.4,58.4
467,"rgb-20-1.txt",rgb-20-1.avi,25.66,45.66,8,493,46.66,58.66,46.66,66.6
468,"rgb-20-1.txt",rgb-20-1.avi,37.66,57.66,10,494,58.66,67.2,58.66,78.6
469,"rgb-20-1.txt",rgb-20-1.avi,46.2,66.2,0,495,67.2,94.25,67.2,87.2
470,"rgb-20-1.txt",rgb-20-1.avi,73.25,93.25,1,496,94.25,98.44,94.25,114.25
471,"rgb-20-1.txt",rgb-20-1.avi,77.44,97.44,2,497,98.44,117.1,98.44,118.44
472,"rgb-20-1.txt",rgb-20-1.avi,96.1,116.1,3,498,117.1,123.44,117.1,137.1
473,"rgb-20-1.txt",rgb-20-1.avi,102.44,122.44,11,499,123.44,172.8,123.44,143.5
474,"rgb-20-1.txt",rgb-20-1.avi,151.8,171.8,12,500,172.8,184.9,172.8,192.8
475,"rgb-20-1.txt",rgb-20-1.avi,163.9,183.9,13,501,184.9,191.1,184.9,204.9
476,"rgb-20-1.txt",rgb-20-1.avi,170.1,190.1,4,502,191.1,204.2,191.1,211.1
477,"rgb-20-1.txt",rgb-20-1.avi,183.2,203.2,5,503,204.2,213.6,204.2,224.2
478,"rgb-20-1.txt",rgb-20-1.avi,192.6,212.6,15,504,213.6,227.8,213.6,233.6
479,"rgb-20-1.txt",rgb-20-1.avi,206.8,226.8,16,505,227.8,241.4,227.8,247.8
480,"rgb-20-1.txt",rgb-20-1.avi,220.4,240.4,14,506,241.4,258.2,241.4,261.5
481,"rgb-20-1.txt",rgb-20-1.avi,237.2,257.2,18,507,258.2,283.0,258.2,278.2
482,"rgb-20-2.txt",rgb-20-2.avi,-1.0625,18.94,11,509,19.94,46.72,19.94,39.94
483,"rgb-20-2.txt",rgb-20-2.avi,25.72,45.72,12,510,46.72,61.8,46.72,66.75
484,"rgb-20-2.txt",rgb-20-2.avi,40.8,60.8,13,511,61.8,68.8,61.8,81.8
485,"rgb-20-2.txt",rgb-20-2.avi,47.8,67.8,4,512,68.8,80.75,68.8,88.8
486,"rgb-20-2.txt",rgb-20-2.avi,59.75,79.75,5,513,80.75,91.1,80.75,100.75
487,"rgb-20-2.txt",rgb-20-2.avi,70.1,90.1,0,514,91.1,112.7,91.1,111.1
488,"rgb-20-2.txt",rgb-20-2.avi,91.7,111.7,1,515,112.7,118.25,112.7,132.8
489,"rgb-20-2.txt",rgb-20-2.avi,97.25,117.25,2,516,118.25,139.8,118.25,138.2
490,"rgb-20-2.txt",rgb-20-2.avi,118.75,138.8,3,517,139.8,144.5,139.8,159.8
491,"rgb-20-2.txt",rgb-20-2.avi,123.5,143.5,15,518,144.5,153.5,144.5,164.5
492,"rgb-20-2.txt",rgb-20-2.avi,132.5,152.5,9,519,153.5,161.5,153.5,173.5
493,"rgb-20-2.txt",rgb-20-2.avi,140.5,160.5,6,520,161.5,164.8,161.5,181.5
494,"rgb-20-2.txt",rgb-20-2.avi,143.8,163.8,7,521,164.8,173.1,164.8,184.8
495,"rgb-20-2.txt",rgb-20-2.avi,152.1,172.1,8,522,173.1,184.2,173.1,193.1
496,"rgb-20-2.txt",rgb-20-2.avi,163.2,183.2,10,523,184.2,195.8,184.2,204.2
497,"rgb-20-2.txt",rgb-20-2.avi,174.8,194.8,14,524,195.8,224.2,195.8,215.8
498,"rgb-20-2.txt",rgb-20-2.avi,203.2,223.2,16,525,224.2,236.9,224.2,244.2
499,"rgb-20-2.txt",rgb-20-2.avi,215.9,235.9,18,526,236.9,276.2,236.9,257.0
500,"rgb-21-1.txt",rgb-21-1.avi,3.562,23.56,7,528,24.56,44.3,24.56,44.56
501,"rgb-21-1.txt",rgb-21-1.avi,23.31,43.3,9,529,44.3,58.0,44.3,64.3
502,"rgb-21-1.txt",rgb-21-1.avi,37.0,57.0,10,530,58.0,60.7,58.0,78.0
503,"rgb-21-1.txt",rgb-21-1.avi,39.7,59.7,6,531,60.7,67.94,60.7,80.7
504,"rgb-21-1.txt",rgb-21-1.avi,46.94,66.94,10,532,67.94,71.8,67.94,87.94
505,"rgb-21-1.txt",rgb-21-1.avi,50.8,70.8,8,533,71.8,87.06,71.8,91.8
506,"rgb-21-1.txt",rgb-21-1.avi,66.06,86.06,10,534,87.06,108.6,87.06,107.06
507,"rgb-21-1.txt",rgb-21-1.avi,87.6,107.6,11,535,108.6,155.6,108.6,128.6
508,"rgb-21-1.txt",rgb-21-1.avi,134.6,154.6,12,536,155.6,188.4,155.6,175.6
509,"rgb-21-1.txt",rgb-21-1.avi,167.4,187.4,13,537,188.4,197.2,188.4,208.4
510,"rgb-21-1.txt",rgb-21-1.avi,176.2,196.2,12,538,197.2,203.2,197.2,217.2
511,"rgb-21-1.txt",rgb-21-1.avi,182.2,202.2,13,539,203.2,204.6,203.2,223.2
512,"rgb-21-1.txt",rgb-21-1.avi,183.6,203.6,12,540,204.6,208.0,204.6,224.6
513,"rgb-21-1.txt",rgb-21-1.avi,187.0,207.0,13,541,208.0,213.5,208.0,228.0
514,"rgb-21-1.txt",rgb-21-1.avi,192.5,212.5,2,542,213.5,252.4,213.5,233.5
515,"rgb-21-1.txt",rgb-21-1.avi,231.4,251.4,4,543,252.4,283.8,252.4,272.5
516,"rgb-21-1.txt",rgb-21-1.avi,262.8,282.8,0,544,283.8,326.2,283.8,303.8
517,"rgb-21-1.txt",rgb-21-1.avi,305.2,325.2,1,545,326.2,328.8,326.2,346.2
518,"rgb-21-1.txt",rgb-21-1.avi,307.8,327.8,3,546,328.8,329.8,328.8,348.8
519,"rgb-21-1.txt",rgb-21-1.avi,308.8,328.8,1,547,329.8,332.0,329.8,349.8
520,"rgb-21-1.txt",rgb-21-1.avi,311.0,331.0,5,548,332.0,336.0,332.0,352.0
521,"rgb-21-1.txt",rgb-21-1.avi,315.0,335.0,15,549,336.0,351.8,336.0,356.0
522,"rgb-21-1.txt",rgb-21-1.avi,330.8,350.8,16,550,351.8,378.0,351.8,371.8
523,"rgb-21-1.txt",rgb-21-1.avi,357.0,377.0,14,551,378.0,397.5,378.0,398.0
524,"rgb-21-1.txt",rgb-21-1.avi,376.5,396.5,18,552,397.5,430.5,397.5,417.5
525,"rgb-21-2.txt",rgb-21-2.avi,-6.133,13.87,7,554,14.87,31.64,14.87,34.88
526,"rgb-21-2.txt",rgb-21-2.avi,10.64,30.64,8,555,31.64,41.9,31.64,51.62
527,"rgb-21-2.txt",rgb-21-2.avi,20.9,40.9,9,556,41.9,50.6,41.9,61.9
528,"rgb-21-2.txt",rgb-21-2.avi,29.6,49.6,6,557,50.6,55.62,50.6,70.6
529,"rgb-21-2.txt",rgb-21-2.avi,34.62,54.62,10,558,55.62,68.25,55.62,75.6
530,"rgb-21-2.txt",rgb-21-2.avi,47.25,67.25,2,559,68.25,90.1,68.25,88.25
531,"rgb-21-2.txt",rgb-21-2.avi,69.1,89.1,3,560,90.1,95.7,90.1,110.1
532,"rgb-21-2.txt",rgb-21-2.avi,74.7,94.7,11,561,95.7,132.4,95.7,115.7
533,"rgb-21-2.txt",rgb-21-2.avi,111.4,131.4,12,562,132.4,198.5,132.4,152.4
534,"rgb-21-2.txt",rgb-21-2.avi,177.5,197.5,4,563,198.5,227.5,198.5,218.5
535,"rgb-21-2.txt",rgb-21-2.avi,206.5,226.5,12,564,227.5,231.0,227.5,247.5
536,"rgb-21-2.txt",rgb-21-2.avi,210.0,230.0,0,565,231.0,282.8,231.0,251.0
537,"rgb-21-2.txt",rgb-21-2.avi,261.8,281.8,1,566,282.8,286.5,282.8,302.8
538,"rgb-21-2.txt",rgb-21-2.avi,265.5,285.5,13,567,286.5,292.0,286.5,306.5
539,"rgb-21-2.txt",rgb-21-2.avi,271.0,291.0,1,568,292.0,294.2,292.0,312.0
540,"rgb-21-2.txt",rgb-21-2.avi,273.2,293.2,5,569,294.2,303.2,294.2,314.2
541,"rgb-21-2.txt",rgb-21-2.avi,282.2,302.2,15,570,303.2,310.0,303.2,323.2
542,"rgb-21-2.txt",rgb-21-2.avi,289.0,309.0,14,571,310.0,335.8,310.0,330.0
543,"rgb-21-2.txt",rgb-21-2.avi,314.8,334.8,16,572,335.8,361.0,335.8,355.8
544,"rgb-21-2.txt",rgb-21-2.avi,340.0,360.0,18,573,361.0,401.0,361.0,381.0
545,"rgb-22-1.txt",rgb-22-1.avi,-14.37,5.633,8,575,6.633,38.06,6.633,26.62
546,"rgb-22-1.txt",rgb-22-1.avi,17.06,37.06,7,576,38.06,53.66,38.06,58.06
547,"rgb-22-1.txt",rgb-22-1.avi,32.66,52.66,9,577,53.66,67.6,53.66,73.6
548,"rgb-22-1.txt",rgb-22-1.avi,46.62,66.6,6,578,67.6,76.0,67.6,87.6
549,"rgb-22-1.txt",rgb-22-1.avi,55.0,75.0,10,579,76.0,89.94,76.0,96.0
550,"rgb-22-1.txt",rgb-22-1.avi,68.94,88.94,11,580,89.94,166.9,89.94,109.94
551,"rgb-22-1.txt",rgb-22-1.avi,145.9,165.9,12,581,166.9,250.9,166.9,186.9
552,"rgb-22-1.txt",rgb-22-1.avi,229.9,249.9,13,582,250.9,267.5,250.9,271.0
553,"rgb-22-1.txt",rgb-22-1.avi,246.5,266.5,4,583,267.5,303.0,267.5,287.5
554,"rgb-22-1.txt",rgb-22-1.avi,282.0,302.0,5,584,303.0,313.2,303.0,323.0
555,"rgb-22-1.txt",rgb-22-1.avi,292.2,312.2,0,585,313.2,365.5,313.2,333.2
556,"rgb-22-1.txt",rgb-22-1.avi,344.5,364.5,1,586,365.5,378.0,365.5,385.5
557,"rgb-22-1.txt",rgb-22-1.avi,357.0,377.0,2,587,378.0,437.0,378.0,398.0
558,"rgb-22-1.txt",rgb-22-1.avi,416.0,436.0,3,588,437.0,454.2,437.0,457.0
559,"rgb-22-1.txt",rgb-22-1.avi,433.2,453.2,15,589,454.2,473.2,454.2,474.2
560,"rgb-22-1.txt",rgb-22-1.avi,452.2,472.2,14,590,473.2,512.5,473.2,493.2
561,"rgb-22-1.txt",rgb-22-1.avi,491.5,511.5,16,591,512.5,558.0,512.5,532.5
562,"rgb-22-1.txt",rgb-22-1.avi,537.0,557.0,18,592,558.0,605.0,558.0,578.0
563,"rgb-22-2.txt",rgb-22-2.avi,-6.03,13.97,8,594,14.97,34.6,14.97,34.97
564,"rgb-22-2.txt",rgb-22-2.avi,13.59,33.6,7,595,34.6,48.0,34.6,54.6
565,"rgb-22-2.txt",rgb-22-2.avi,27.0,47.0,6,596,48.0,55.9,48.0,68.0
566,"rgb-22-2.txt",rgb-22-2.avi,34.9,54.9,9,597,55.9,65.0,55.9,75.9
567,"rgb-22-2.txt",rgb-22-2.avi,44.0,64.0,10,598,65.0,74.4,65.0,85.0
568,"rgb-22-2.txt",rgb-22-2.avi,53.38,73.4,0,599,74.4,109.1,74.4,94.4
569,"rgb-22-2.txt",rgb-22-2.avi,88.1,108.1,1,600,109.1,116.4,109.1,129.1
570,"rgb-22-2.txt",rgb-22-2.avi,95.4,115.4,4,601,116.4,170.8,116.4,136.4
571,"rgb-22-2.txt",rgb-22-2.avi,149.8,169.8,5,602,170.8,182.6,170.8,190.8
572,"rgb-22-2.txt",rgb-22-2.avi,161.6,181.6,2,603,182.6,210.2,182.6,202.6
573,"rgb-22-2.txt",rgb-22-2.avi,189.2,209.2,3,604,210.2,220.4,210.2,230.2
574,"rgb-22-2.txt",rgb-22-2.avi,199.4,219.4,11,605,220.4,280.0,220.4,240.4
575,"rgb-22-2.txt",rgb-22-2.avi,259.0,279.0,12,606,280.0,309.5,280.0,300.0
576,"rgb-22-2.txt",rgb-22-2.avi,288.5,308.5,13,607,309.5,321.0,309.5,329.5
577,"rgb-22-2.txt",rgb-22-2.avi,300.0,320.0,15,608,321.0,338.5,321.0,341.0
578,"rgb-22-2.txt",rgb-22-2.avi,317.5,337.5,16,609,338.5,353.8,338.5,358.5
579,"rgb-22-2.txt",rgb-22-2.avi,332.8,352.8,14,610,353.8,371.5,353.8,373.8
580,"rgb-22-2.txt",rgb-22-2.avi,350.5,370.5,18,611,371.5,415.2,371.5,391.5
581,"rgb-23-1.txt",rgb-23-1.avi,-3.5,16.5,8,613,17.5,34.7,17.5,37.5
582,"rgb-23-1.txt",rgb-23-1.avi,13.69,33.7,7,614,34.7,46.5,34.7,54.7
583,"rgb-23-1.txt",rgb-23-1.avi,25.5,45.5,6,615,46.5,54.4,46.5,66.5
584,"rgb-23-1.txt",rgb-23-1.avi,33.4,53.4,9,616,54.4,61.0,54.4,74.4
585,"rgb-23-1.txt",rgb-23-1.avi,40.0,60.0,4,617,61.0,107.25,61.0,81.0
586,"rgb-23-1.txt",rgb-23-1.avi,86.25,106.25,5,618,107.25,116.44,107.25,127.25
587,"rgb-23-1.txt",rgb-23-1.avi,95.44,115.44,0,619,116.44,182.0,116.44,136.5
588,"rgb-23-1.txt",rgb-23-1.avi,161.0,181.0,1,620,182.0,191.8,182.0,202.0
589,"rgb-23-1.txt",rgb-23-1.avi,170.8,190.8,2,621,191.8,222.8,191.8,211.8
590,"rgb-23-1.txt",rgb-23-1.avi,201.8,221.8,3,622,222.8,229.1,222.8,242.8
591,"rgb-23-1.txt",rgb-23-1.avi,208.1,228.1,11,623,229.1,261.2,229.1,249.1
592,"rgb-23-1.txt",rgb-23-1.avi,240.2,260.2,12,624,261.2,312.0,261.2,281.2
593,"rgb-23-1.txt",rgb-23-1.avi,291.0,311.0,13,625,312.0,343.5,312.0,332.0
594,"rgb-23-1.txt",rgb-23-1.avi,322.5,342.5,15,626,343.5,367.8,343.5,363.5
595,"rgb-23-1.txt",rgb-23-1.avi,346.8,366.8,16,627,367.8,385.8,367.8,387.8
596,"rgb-23-1.txt",rgb-23-1.avi,364.8,384.8,18,628,385.8,442.5,385.8,405.8
597,"rgb-23-2.txt",rgb-23-2.avi,32.9,52.9,4,630,53.9,88.44,53.9,73.9
598,"rgb-23-2.txt",rgb-23-2.avi,67.44,87.44,5,631,88.44,96.1,88.44,108.44
599,"rgb-23-2.txt",rgb-23-2.avi,75.1,95.1,0,632,96.1,163.0,96.1,116.1
600,"rgb-23-2.txt",rgb-23-2.avi,142.0,162.0,1,633,163.0,174.8,163.0,183.0
601,"rgb-23-2.txt",rgb-23-2.avi,153.8,173.8,11,634,174.8,200.6,174.8,194.8
602,"rgb-23-2.txt",rgb-23-2.avi,179.6,199.6,12,635,200.6,241.0,200.6,220.6
603,"rgb-23-2.txt",rgb-23-2.avi,220.0,240.0,13,636,241.0,265.5,241.0,261.0
604,"rgb-23-2.txt",rgb-23-2.avi,244.5,264.5,2,637,265.5,288.5,265.5,285.5
605,"rgb-23-2.txt",rgb-23-2.avi,267.5,287.5,3,638,288.5,299.2,288.5,308.5
606,"rgb-23-2.txt",rgb-23-2.avi,278.2,298.2,15,639,299.2,315.0,299.2,319.2
607,"rgb-23-2.txt",rgb-23-2.avi,294.0,314.0,8,640,315.0,331.8,315.0,335.0
608,"rgb-23-2.txt",rgb-23-2.avi,310.8,330.8,7,641,331.8,345.8,331.8,351.8
609,"rgb-23-2.txt",rgb-23-2.avi,324.8,344.8,6,642,345.8,351.2,345.8,365.8
610,"rgb-23-2.txt",rgb-23-2.avi,330.2,350.2,9,643,351.2,356.5,351.2,371.2
611,"rgb-23-2.txt",rgb-23-2.avi,335.5,355.5,10,644,356.5,370.8,356.5,376.5
612,"rgb-23-2.txt",rgb-23-2.avi,349.8,369.8,16,645,370.8,384.2,370.8,390.8
613,"rgb-23-2.txt",rgb-23-2.avi,363.2,383.2,18,646,384.2,487.8,384.2,404.2
614,"rgb-24-1.txt",rgb-24-1.avi,-11.63,8.37,11,648,9.37,51.03,9.37,29.38
615,"rgb-24-1.txt",rgb-24-1.avi,30.03,50.03,12,649,51.03,83.75,51.03,71.0
616,"rgb-24-1.txt",rgb-24-1.avi,62.75,82.75,4,650,83.75,110.6,83.75,103.75
617,"rgb-24-1.txt",rgb-24-1.avi,89.6,109.6,5,651,110.6,116.9,110.6,130.6
618,"rgb-24-1.txt",rgb-24-1.avi,95.9,115.9,4,652,116.9,117.56,116.9,136.9
619,"rgb-24-1.txt",rgb-24-1.avi,96.56,116.56,13,653,117.56,126.94,117.56,137.5
620,"rgb-24-1.txt",rgb-24-1.avi,105.94,125.94,0,654,126.94,155.2,126.94,147.0
621,"rgb-24-1.txt",rgb-24-1.avi,134.2,154.2,1,655,155.2,163.8,155.2,175.2
622,"rgb-24-1.txt",rgb-24-1.avi,142.8,162.8,2,656,163.8,195.2,163.8,183.8
623,"rgb-24-1.txt",rgb-24-1.avi,174.2,194.2,3,657,195.2,201.0,195.2,215.2
624,"rgb-24-1.txt",rgb-24-1.avi,180.0,200.0,15,658,201.0,211.5,201.0,221.0
625,"rgb-24-1.txt",rgb-24-1.avi,190.5,210.5,7,659,211.5,236.4,211.5,231.5
626,"rgb-24-1.txt",rgb-24-1.avi,215.4,235.4,8,660,236.4,270.5,236.4,256.5
627,"rgb-24-1.txt",rgb-24-1.avi,249.5,269.5,9,661,270.5,278.5,270.5,290.5
628,"rgb-24-1.txt",rgb-24-1.avi,257.5,277.5,6,662,278.5,284.8,278.5,298.5
629,"rgb-24-1.txt",rgb-24-1.avi,263.8,283.8,10,663,284.8,291.2,284.8,304.8
630,"rgb-24-1.txt",rgb-24-1.avi,270.2,290.2,14,664,291.2,298.0,291.2,311.2
631,"rgb-24-1.txt",rgb-24-1.avi,277.0,297.0,15,665,298.0,302.8,298.0,318.0
632,"rgb-24-1.txt",rgb-24-1.avi,281.8,301.8,16,666,302.8,346.8,302.8,322.8
633,"rgb-24-1.txt",rgb-24-1.avi,325.8,345.8,18,667,346.8,407.0,346.8,366.8
634,"rgb-24-2.txt",rgb-24-2.avi,-8.13,11.87,11,669,12.87,41.78,12.87,32.88
635,"rgb-24-2.txt",rgb-24-2.avi,20.78,40.78,12,670,41.78,56.94,41.78,61.78
636,"rgb-24-2.txt",rgb-24-2.avi,35.94,55.94,13,671,56.94,65.56,56.94,76.94
637,"rgb-24-2.txt",rgb-24-2.avi,44.56,64.56,4,672,65.56,75.9,65.56,85.56
638,"rgb-24-2.txt",rgb-24-2.avi,54.88,74.9,5,673,75.9,80.2,75.9,95.9
639,"rgb-24-2.txt",rgb-24-2.avi,59.2,79.2,0,674,80.2,109.7,80.2,100.2
640,"rgb-24-2.txt",rgb-24-2.avi,88.7,108.7,1,675,109.7,115.06,109.7,129.8
641,"rgb-24-2.txt",rgb-24-2.avi,94.06,114.06,2,676,115.06,135.5,115.06,135.0
642,"rgb-24-2.txt",rgb-24-2.avi,114.5,134.5,3,677,135.5,140.2,135.5,155.5
643,"rgb-24-2.txt",rgb-24-2.avi,119.25,139.2,15,678,140.2,149.4,140.2,160.2
644,"rgb-24-2.txt",rgb-24-2.avi,128.4,148.4,7,679,149.4,167.1,149.4,169.4
645,"rgb-24-2.txt",rgb-24-2.avi,146.1,166.1,8,680,167.1,184.1,167.1,187.1
646,"rgb-24-2.txt",rgb-24-2.avi,163.1,183.1,10,681,184.1,186.2,184.1,204.1
647,"rgb-24-2.txt",rgb-24-2.avi,165.2,185.2,9,682,186.2,191.8,186.2,206.2
648,"rgb-24-2.txt",rgb-24-2.avi,170.8,190.8,6,683,191.8,199.4,191.8,211.8
649,"rgb-24-2.txt",rgb-24-2.avi,178.4,198.4,10,684,199.4,202.8,199.4,219.4
650,"rgb-24-2.txt",rgb-24-2.avi,181.8,201.8,16,685,202.8,214.6,202.8,222.8
651,"rgb-24-2.txt",rgb-24-2.avi,193.6,213.6,14,686,214.6,224.1,214.6,234.6
652,"rgb-24-2.txt",rgb-24-2.avi,203.1,223.1,18,687,224.1,260.2,224.1,244.1
653,"rgb-25-1.txt",rgb-25-1.avi,-4.266,15.734,11,689,16.73,70.9,16.73,36.75
654,"rgb-25-1.txt",rgb-25-1.avi,49.88,69.9,12,690,70.9,91.44,70.9,90.9
655,"rgb-25-1.txt",rgb-25-1.avi,70.44,90.44,13,691,91.44,106.94,91.44,111.44
656,"rgb-25-1.txt",rgb-25-1.avi,85.94,105.94,2,692,106.94,134.1,106.94,126.94
657,"rgb-25-1.txt",rgb-25-1.avi,113.1,133.1,3,693,134.1,140.1,134.1,154.1
658,"rgb-25-1.txt",rgb-25-1.avi,119.1,139.1,4,694,140.1,150.1,140.1,160.1
659,"rgb-25-1.txt",rgb-25-1.avi,129.1,149.1,5,695,150.1,152.5,150.1,170.1
660,"rgb-25-1.txt",rgb-25-1.avi,131.5,151.5,4,696,152.5,168.0,152.5,172.5
661,"rgb-25-1.txt",rgb-25-1.avi,147.0,167.0,5,697,168.0,178.2,168.0,188.0
662,"rgb-25-1.txt",rgb-25-1.avi,157.2,177.2,0,698,178.2,193.4,178.2,198.2
663,"rgb-25-1.txt",rgb-25-1.avi,172.4,192.4,1,699,193.4,198.1,193.4,213.4
664,"rgb-25-1.txt",rgb-25-1.avi,177.1,197.1,15,700,198.1,209.1,198.1,218.1
665,"rgb-25-1.txt",rgb-25-1.avi,188.1,208.1,7,701,209.1,221.1,209.1,229.1
666,"rgb-25-1.txt",rgb-25-1.avi,200.1,220.1,8,702,221.1,231.8,221.1,241.1
667,"rgb-25-1.txt",rgb-25-1.avi,210.8,230.8,6,703,231.8,236.9,231.8,251.8
668,"rgb-25-1.txt",rgb-25-1.avi,215.9,235.9,9,704,236.9,259.2,236.9,257.0
669,"rgb-25-1.txt",rgb-25-1.avi,238.2,258.2,16,705,259.2,283.8,259.2,279.2
670,"rgb-25-1.txt",rgb-25-1.avi,262.8,282.8,14,706,283.8,297.2,283.8,303.8
671,"rgb-25-1.txt",rgb-25-1.avi,276.2,296.2,18,707,297.2,372.0,297.2,317.2
672,"rgb-25-2.txt",rgb-25-2.avi,-9.03,10.97,0,709,11.97,32.78,11.97,31.97
673,"rgb-25-2.txt",rgb-25-2.avi,11.78,31.78,1,710,32.78,36.53,32.78,52.78
674,"rgb-25-2.txt",rgb-25-2.avi,15.53,35.53,2,711,36.53,63.2,36.53,56.53
675,"rgb-25-2.txt",rgb-25-2.avi,42.2,62.2,3,712,63.2,68.06,63.2,83.2
676,"rgb-25-2.txt",rgb-25-2.avi,47.06,67.06,4,713,68.06,85.9,68.06,88.06
677,"rgb-25-2.txt",rgb-25-2.avi,64.9,84.9,5,714,85.9,91.94,85.9,105.9
678,"rgb-25-2.txt",rgb-25-2.avi,70.94,90.94,11,715,91.94,138.8,91.94,111.94
679,"rgb-25-2.txt",rgb-25-2.avi,117.75,137.8,12,716,138.8,153.1,138.8,158.8
680,"rgb-25-2.txt",rgb-25-2.avi,132.1,152.1,13,717,153.1,163.8,153.1,173.1
681,"rgb-25-2.txt",rgb-25-2.avi,142.8,162.8,15,718,163.8,176.8,163.8,183.8
682,"rgb-25-2.txt",rgb-25-2.avi,155.8,175.8,8,719,176.8,190.0,176.8,196.8
683,"rgb-25-2.txt",rgb-25-2.avi,169.0,189.0,7,720,190.0,203.0,190.0,210.0
684,"rgb-25-2.txt",rgb-25-2.avi,182.0,202.0,9,721,203.0,217.8,203.0,223.0
685,"rgb-25-2.txt",rgb-25-2.avi,196.8,216.8,6,722,217.8,223.6,217.8,237.8
686,"rgb-25-2.txt",rgb-25-2.avi,202.6,222.6,10,723,223.6,243.5,223.6,243.6
687,"rgb-25-2.txt",rgb-25-2.avi,222.5,242.5,16,724,243.5,258.0,243.5,263.5
688,"rgb-25-2.txt",rgb-25-2.avi,237.0,257.0,14,725,258.0,266.5,258.0,278.0
689,"rgb-25-2.txt",rgb-25-2.avi,245.5,265.5,18,726,266.5,278.8,266.5,286.5
690,"rgb-26-1.txt",rgb-26-1.avi,-2.672,17.33,4,728,18.33,42.3,18.33,38.3
691,"rgb-26-1.txt",rgb-26-1.avi,21.31,41.3,5,729,42.3,48.62,42.3,62.3
692,"rgb-26-1.txt",rgb-26-1.avi,27.62,47.62,11,730,48.62,81.06,48.62,68.6
693,"rgb-26-1.txt",rgb-26-1.avi,60.06,80.06,12,731,81.06,104.6,81.06,101.06
694,"rgb-26-1.txt",rgb-26-1.avi,83.6,103.6,13,732,104.6,109.75,104.6,124.6
695,"rgb-26-1.txt",rgb-26-1.avi,88.75,108.75,2,733,109.75,132.1,109.75,129.8
696,"rgb-26-1.txt",rgb-26-1.avi,111.1,131.1,3,734,132.1,137.8,132.1,152.1
697,"rgb-26-1.txt",rgb-26-1.avi,116.75,136.8,0,735,137.8,158.8,137.8,157.8
698,"rgb-26-1.txt",rgb-26-1.avi,137.8,157.8,1,736,158.8,164.1,158.8,178.8
699,"rgb-26-1.txt",rgb-26-1.avi,143.1,163.1,15,737,164.1,172.8,164.1,184.1
700,"rgb-26-1.txt",rgb-26-1.avi,151.8,171.8,6,738,172.8,178.2,172.8,192.8
701,"rgb-26-1.txt",rgb-26-1.avi,157.2,177.2,9,739,178.2,184.1,178.2,198.2
702,"rgb-26-1.txt",rgb-26-1.avi,163.1,183.1,10,740,184.1,187.2,184.1,204.1
703,"rgb-26-1.txt",rgb-26-1.avi,166.2,186.2,8,741,187.2,202.9,187.2,207.2
704,"rgb-26-1.txt",rgb-26-1.avi,181.9,201.9,7,742,202.9,216.2,202.9,222.9
705,"rgb-26-1.txt",rgb-26-1.avi,195.2,215.2,10,743,216.2,224.5,216.2,236.2
706,"rgb-26-1.txt",rgb-26-1.avi,203.5,223.5,16,744,224.5,252.4,224.5,244.5
707,"rgb-26-1.txt",rgb-26-1.avi,231.4,251.4,18,745,252.4,304.2,252.4,272.5
708,"rgb-26-2.txt",rgb-26-2.avi,-6.97,13.03,8,747,14.03,27.5,14.03,34.03
709,"rgb-26-2.txt",rgb-26-2.avi,6.5,26.5,7,748,27.5,36.12,27.5,47.5
710,"rgb-26-2.txt",rgb-26-2.avi,15.125,35.12,10,749,36.12,39.62,36.12,56.12
711,"rgb-26-2.txt",rgb-26-2.avi,18.62,38.62,6,750,39.62,43.97,39.62,59.62
712,"rgb-26-2.txt",rgb-26-2.avi,22.97,42.97,9,751,43.97,53.38,43.97,63.97
713,"rgb-26-2.txt",rgb-26-2.avi,32.38,52.38,10,752,53.38,57.28,53.38,73.4
714,"rgb-26-2.txt",rgb-26-2.avi,36.28,56.28,0,753,57.28,79.06,57.28,77.25
715,"rgb-26-2.txt",rgb-26-2.avi,58.06,78.06,1,754,79.06,84.25,79.06,99.06
716,"rgb-26-2.txt",rgb-26-2.avi,63.25,83.25,4,755,84.25,111.44,84.25,104.25
717,"rgb-26-2.txt",rgb-26-2.avi,90.44,110.44,5,756,111.44,118.8,111.44,131.5
718,"rgb-26-2.txt",rgb-26-2.avi,97.8,117.8,2,757,118.8,136.2,118.8,138.8
719,"rgb-26-2.txt",rgb-26-2.avi,115.25,135.2,3,758,136.2,141.8,136.2,156.2
720,"rgb-26-2.txt",rgb-26-2.avi,120.75,140.8,11,759,141.8,158.8,141.8,161.8
721,"rgb-26-2.txt",rgb-26-2.avi,137.8,157.8,12,760,158.8,170.2,158.8,178.8
722,"rgb-26-2.txt",rgb-26-2.avi,149.2,169.2,13,761,170.2,176.2,170.2,190.2
723,"rgb-26-2.txt",rgb-26-2.avi,155.2,175.2,15,762,176.2,185.4,176.2,196.2
724,"rgb-26-2.txt",rgb-26-2.avi,164.4,184.4,14,763,185.4,223.0,185.4,205.4
725,"rgb-26-2.txt",rgb-26-2.avi,202.0,222.0,16,764,223.0,254.4,223.0,243.0
726,"rgb-26-2.txt",rgb-26-2.avi,233.4,253.4,18,765,254.4,307.2,254.4,274.5
727,"rgb-27-1.txt",rgb-27-1.avi,4.703,24.7,11,767,25.7,46.62,25.7,45.7
728,"rgb-27-1.txt",rgb-27-1.avi,25.62,45.62,12,768,46.62,69.75,46.62,66.6
729,"rgb-27-1.txt",rgb-27-1.avi,48.75,68.75,4,769,69.75,108.8,69.75,89.75
730,"rgb-27-1.txt",rgb-27-1.avi,87.8,107.8,5,770,108.8,119.2,108.8,128.8
731,"rgb-27-1.txt",rgb-27-1.avi,98.2,118.2,0,771,119.2,161.9,119.2,139.2
732,"rgb-27-1.txt",rgb-27-1.avi,140.9,160.9,2,772,161.9,195.2,161.9,181.9
733,"rgb-27-1.txt",rgb-27-1.avi,174.2,194.2,3,773,195.2,200.1,195.2,215.2
734,"rgb-27-1.txt",rgb-27-1.avi,179.1,199.1,1,774,200.1,202.9,200.1,220.1
735,"rgb-27-1.txt",rgb-27-1.avi,181.9,201.9,13,775,202.9,204.4,202.9,222.9
736,"rgb-27-1.txt",rgb-27-1.avi,183.4,203.4,15,776,204.4,204.5,204.4,224.4
737,"rgb-27-1.txt",rgb-27-1.avi,183.5,203.5,13,777,204.5,204.9,204.5,224.5
738,"rgb-27-1.txt",rgb-27-1.avi,183.9,203.9,15,778,204.9,228.4,204.9,224.9
739,"rgb-27-1.txt",rgb-27-1.avi,207.4,227.4,6,779,228.4,240.0,228.4,248.4
740,"rgb-27-1.txt",rgb-27-1.avi,219.0,239.0,9,780,240.0,250.6,240.0,260.0
741,"rgb-27-1.txt",rgb-27-1.avi,229.6,249.6,7,781,250.6,272.5,250.6,270.5
742,"rgb-27-1.txt",rgb-27-1.avi,251.5,271.5,8,782,272.5,305.8,272.5,292.5
743,"rgb-27-1.txt",rgb-27-1.avi,284.8,304.8,10,783,305.8,328.0,305.8,325.8
744,"rgb-27-1.txt",rgb-27-1.avi,307.0,327.0,16,784,328.0,356.2,328.0,348.0
745,"rgb-27-1.txt",rgb-27-1.avi,335.2,355.2,18,785,356.2,395.2,356.2,376.2
746,"rgb-27-2.txt",rgb-27-2.avi,-9.2,10.8,0,787,11.8,37.12,11.8,31.8
747,"rgb-27-2.txt",rgb-27-2.avi,16.12,36.12,11,788,37.12,61.53,37.12,57.12
748,"rgb-27-2.txt",rgb-27-2.avi,40.53,60.53,12,789,61.53,84.56,61.53,81.5
749,"rgb-27-2.txt",rgb-27-2.avi,63.56,83.56,2,790,84.56,107.8,84.56,104.56
750,"rgb-27-2.txt",rgb-27-2.avi,86.8,106.8,4,791,107.8,143.2,107.8,127.8
751,"rgb-27-2.txt",rgb-27-2.avi,122.25,142.2,5,792,143.2,149.9,143.2,163.2
752,"rgb-27-2.txt",rgb-27-2.avi,128.9,148.9,13,793,149.9,151.5,149.9,169.9
753,"rgb-27-2.txt",rgb-27-2.avi,130.5,150.5,1,794,151.5,154.9,151.5,171.5
754,"rgb-27-2.txt",rgb-27-2.avi,133.9,153.9,3,795,154.9,159.1,154.9,174.9
755,"rgb-27-2.txt",rgb-27-2.avi,138.1,158.1,15,796,159.1,178.6,159.1,179.1
756,"rgb-27-2.txt",rgb-27-2.avi,157.6,177.6,6,797,178.6,185.4,178.6,198.6
757,"rgb-27-2.txt",rgb-27-2.avi,164.4,184.4,9,798,185.4,192.9,185.4,205.4
758,"rgb-27-2.txt",rgb-27-2.avi,171.9,191.9,7,799,192.9,213.1,192.9,212.9
759,"rgb-27-2.txt",rgb-27-2.avi,192.1,212.1,8,800,213.1,231.5,213.1,233.1
760,"rgb-27-2.txt",rgb-27-2.avi,210.5,230.5,10,801,231.5,243.9,231.5,251.5
761,"rgb-27-2.txt",rgb-27-2.avi,222.9,242.9,16,802,243.9,263.0,243.9,264.0
762,"rgb-27-2.txt",rgb-27-2.avi,242.0,262.0,18,803,263.0,401.2,263.0,283.0
